{
    "open": {
        "min": 0.005882,
        "max": 0.078997
    },
    "high": {
        "min": 0.006233,
        "max": 0.089575
    },
    "low": {
        "min": 0.004,
        "max": 0.0665
    },
    "close": {
        "min": 0.005882,
        "max": 0.079004
    },
    "volume": {
        "log_min": 20.482202960483715,
        "log_max": 26.834716076948126
    }
}